omega,alpha,beta,nu,distribution,nll
0.00780100919141121,0.05382771980213053,0.9179425758087164,,student_t,5857.324592558619
