omega,alpha,beta,nu,distribution,nll
0.01060609622908487,0.07316672459946269,0.8871907239503318,,student_t,2463.120047633622
