mu,phi,sigma_eta,distribution,nll
-1.8228147595086396e-07,0.9499999289466806,0.2000001749902169,normal,6245.042199935155
